cohort_year,total_invested_inr,avg_transaction_amount,active_investors
2024,1348867631.0,107823.15195843326,3976
2025,52546559.0,97670.18401486988,416
